"Numero de coop","CUIT","Población","Nombre completo","Cod_Nombre","Nombre_corto","D.E.","D.E. Nombre","CAR","CAR Nombre","Ctro Contacto","Votos Consec","Votos Asoc","Total votos","Mail principal","Mail copia","Invitacion","CodVerificador"
"3","30529717233","ALCORTA","Cooperativa Agropecuaria de Alcorta Ltda.","3 - Cooperativa Agropecuaria de Alcorta Ltda.","COOP. AGROP. DE ALCORTA LTDA.","8","Sur de Santa Fé","3","Centro y Sur de Santa Fe","SUC. ROSARIO","0","1","1","unionalcorta@gmail.com",,"Verdadero","51CYD"
"482","30529491448","ALVAREZ","Cooperativa Agropecuaria Federada de Alvarez y Piñero","482 - Cooperativa Agropecuaria Federada de Alvarez y Piñero","COOP. AGROP. FED. DE ALVAREZ Y PIÑ","3","Centro de Santa Fé","3","Centro y Sur de Santa Fe","SUC. ROSARIO","0","1","1","coopalvarezgte@gmail.com",,"Verdadero","EWKLA"
"9","33533717999","ARMSTRONG","Cooperativa Agropecuaria de Armstrong Ltda.","9 - Cooperativa Agropecuaria de Armstrong Ltda.","COOP. AGROPEC. DE ARMSTRONG LTDA","3","Centro de Santa Fé","3","Centro y Sur de Santa Fe","SUC. ROSARIO","0","2","2","dpetinari@cadalcoop.com.ar","pulmari@cadalcoop.com.ar; amartinez@cadalcoop.com.ar; gsaburetti@cadalcoop.com.ar","Verdadero","CPYHX"
"498","30503019791","BARRANCAS","Cooperativa Agrícola Ganadera La Unión Ltda.","498 - Cooperativa Agrícola Ganadera La Unión Ltda.","COOP. AGR.GANAD.LA UNION LTDA.BAR","8","Centro de Santa Fé","3","Centro y Sur de Santa Fe","SUC. ROSARIO","0","2","2","franco_8706@hotmail.com","cesarlaunion@cosmol.com.ar; francoblaunion@cosmol.com.ar","Verdadero","C3US8"
"435","30531943909","BERABEVU","Cooperativa Agrícola Ganadera de Berabevú Ltda.","435 - Cooperativa Agrícola Ganadera de Berabevú Ltda.","COOP. AGRIC. GAN. DE BERABEVU LT","8","Sur de Santa Fé","3","Centro y Sur de Santa Fe","SUC. ROSARIO","0","2","2","gerencia@coopberabevu.com.ar; mauroventuri@coopberabevu.com.ar;","contaduria@coopberabevu.com.ar; germangmerlo@gmail.com","Verdadero","P8E8S"
"516","30508118690","BERNARDO DE IRIGOYEN","Cooperativa Agrícola Ganadera Bernardo de Irigoyen","516 - Cooperativa Agrícola Ganadera Bernardo de Irigoyen","COOP. AGRIC GANAD. B. DE IRIGOYEN LT","3","Centro de Santa Fé","3","Centro y Sur de Santa Fe","SUC. ROSARIO","0","2","2","cagbilgerencia@cosmol.com.ar","cooperativabdoirigoyen@gmail.com","Verdadero","82J2W"
"456","30533294606","BIGAND","Cooperativa Agropecuaria de Bigand Ltda.","456 - Cooperativa Agropecuaria de Bigand Ltda.","COOP. AGROPECUARIA DE BIGAND LTDA","8","Sur de Santa Fé","3","Centro y Sur de Santa Fe","SUC. ROSARIO","0","2","2","gerencia@cooperativabigand.com.ar","comercial@cooperativabigand.com.ar; caja@cooperativabigand.com.ar","Verdadero","92S9X"
"510","30533860164","BOMBAL","Cooperativa Agropecuaria de Bombal Ltda.","510 - Cooperativa Agropecuaria de Bombal Ltda.","COOP. AGROPECUARIA DE BOMBAL LTDA.","8","Sur de Santa Fé","3","Centro y Sur de Santa Fe","SUC. ROSARIO","0","1","1","coop.agrop.bombal@bombal.net.ar",,"Verdadero","C7QLE"
"479","30532481100","BOUQUET","Cooperativa Agrícola Ganadera Bouquet Ltda.","479 - Cooperativa Agrícola Ganadera Bouquet Ltda.","COOP. AGRIC.GANAD.BOUQUET LTDA","3","Centro de Santa Fé","3","Centro y Sur de Santa Fe","SUC. ROSARIO","0","2","2","gerencia@coopbouquet.com.ar","insumoscoop@redcrs.com.ar","Verdadero","BHFN3"
"32","30529251331","CAÑADA DE GOMEZ","Agrícola Mixta de Cañada de Gómez Ltda.","32 - Agrícola Mixta de Cañada de Gómez Ltda.","COOP. AGRIC.MIXTA LTDA. C. GOMEZ","3","Centro de Santa Fé","3","Centro y Sur de Santa Fe","SUC. ROSARIO","0","1","1","muscio@acacoop.com.ar","muscio@acacoop.com.ar","Verdadero","XNJOJ"
"488","30533171970","CAÑADA DEL UCLE","Cooperativa Ganadera de Cañada de Ucle","488 - Cooperativa Ganadera de Cañada de Ucle","COOP. AGRIC.GAN.LTDA.CDA.DEL UCLE","8","Sur de Santa Fé","3","Centro y Sur de Santa Fe","SUC. ROSARIO","0","1","1","agricmarcelo@coopucle.com.ar","agriceliano@coopucle.com.ar","Verdadero","WM95O"
"37","30530711184","CARCARAÑA","Cooperativa Agrícola Agricultores Unidos Ltda.","37 - Cooperativa Agrícola Agricultores Unidos Ltda.","COOP. AGRIC. AGR. UNIDOS LTDA","3","Centro de Santa Fé","3","Centro y Sur de Santa Fe","SUC. ROSARIO","0","2","2","rhernandez@agricultores-unidos.com.ar",,"Verdadero","3OZYT"
"489","30533588421","CARRERAS","Cooperativa Agrícola Ganadera Carreras Ltda.","489 - Cooperativa Agrícola Ganadera Carreras Ltda.","COOP. AGRIC.GANAD.CARRERAS LTDA","8","Sur de Santa Fé","3","Centro y Sur de Santa Fe","SUC. ROSARIO","0","2","2","aboggio@coopcarreras.com.ar",,"Verdadero","3OTXH"
"487","30533950694","CASILDA","Cooperativa Agropecuaria de Carlos Casado Ltda.","487 - Cooperativa Agropecuaria de Carlos Casado Ltda.","COOP. AGROP C CASADO DE CASILDA LIMI","3","Centro de Santa Fé","3","Centro y Sur de Santa Fe","SUC. ROSARIO","0","2","2","german.sandilo@coopcasado.com.ar","federico.seghezzo@coopcasado.com.ar","Verdadero","P3B38"
"499","30532379187","CENTENO","Cooperativa de Tamberos y Agrícola Ganadera La Industrial Argentina","499 - Cooperativa de Tamberos y Agrícola Ganadera La Industrial Argentina","COOP. TAMBERA Y AGRIC. I. ARG. CENTE","3","Centro de Santa Fé","3","Centro y Sur de Santa Fe","SUC. ROSARIO","0","2","2","martin.derico@coopcenteno.com.ar","emilia.nasuti@coopcenteno.com.ar; guille.francescangeli@coopcenteno.com.ar","Verdadero","5K7TS"
"439","30532044282","EL TREBOL","Cooperativa Agrícola Ganadera de El Trebol Ltda.","439 - Cooperativa Agrícola Ganadera de El Trebol Ltda.","COOP. AGRIC. GAN.DE EL TREBOL LTDA","3","Centro de Santa Fé","3","Centro y Sur de Santa Fe","SUC. ROSARIO","0","2","2","daresse@eltrebolnet.com.ar","epaletta@eltrebolnet.com.ar","Verdadero","XKB1W"
"71","30531205991","ELORTONDO","Cooperativa Agropecuaria Unificada Ltda. de Elortondo","71 - Cooperativa Agropecuaria Unificada Ltda. de Elortondo","COOP. AGROP. UNIFIC. LTDA. DE ELORTONDO","8","Sur de Santa Fé","3","Centro y Sur de Santa Fe","SUC. ROSARIO","0","2","2","gerencia@coopagroelortondo.com.ar","andrea.yocco@coopagroelortondo.com.ar; gino.meregoni@coopagroelortondo.com.ar; administracion@coopagroelortondo.com.ar","Verdadero","Y8CCE"
"11","33543617119","IRIGOYEN","Cooperativa Agropecuaria Mixta Irigoyen Ltda.","11 - Cooperativa Agropecuaria Mixta Irigoyen Ltda.","COOP. AGROP MIXTA IRIGOYEN LTDA","3","Centro de Santa Fé","3","Centro y Sur de Santa Fe","SUC. ROSARIO","0","2","2","gsanchez@coopcamil.com.ar","rpriotto@coopcamil.com.ar","Verdadero","9ENKB"
"437","30532568567","LOS MOLINOS","Cooperativa Agrícola Ganadera Los Molinos Ltda.","437 - Cooperativa Agrícola Ganadera Los Molinos Ltda.","COOP. AGRIC. GAN. LOS MOLINOS LTDA","3","Centro de Santa Fé","3","Centro y Sur de Santa Fe","SUC. ROSARIO","0","1","1","arturo.lombardich@pastasmulini.com.ar","uriel.cisneros@pastasmulini.com.ar","Verdadero","S9JAN"
"481","30530977435","MARIA SUSANA","Cooperativa Federal Agrícola Ganadera de María Susana Ltda.","481 - Cooperativa Federal Agrícola Ganadera de María Susana Ltda.","COOP. FEDERAL AGRIC. GANAD. M. SUSA","3","Centro de Santa Fé","3","Centro y Sur de Santa Fe","SUC. ROSARIO","0","2","2","daniel_dovetta@hotmail.com","nchiaramoni@coopmariasusana.com.ar; npagano@coopmariasusana.com.ar; laureanopalmieri@yahoo.com.ar","Verdadero","043XV"
"155","30530750597","MAXIMO PAZ","Cooperativa Agropecuaria Ltda. de Máximo Paz","155 - Cooperativa Agropecuaria Ltda. de Máximo Paz","COOP. AGROP. LTDA. DE MAXIMO PAZ","8","Sur de Santa Fé","3","Centro y Sur de Santa Fe","SUC. ROSARIO","0","2","2","gluduena@coopaz.com.ar","nmartinolich@coopaz.com.ar","Verdadero","N82L7"
"236","30508720110","MONJE","Cooperativa Agrícola Ganadera Tambera Ltda. de Monje","236 - Cooperativa Agrícola Ganadera Tambera Ltda. de Monje","COOP. AGRIC. GAN. TAMB. LDA. DE MONJE","3","Centro de Santa Fé","3","Centro y Sur de Santa Fe","SUC. ROSARIO","0","2","2","fdiez@coopmonje.com.ar","mgil@coopmonje.com.ar","Verdadero","CEO0P"
"412","30534951414","MURPHY","Cooperativa Agropecuaria Ganadera y de Consumo General San Martin Limitada","412 - Cooperativa Agropecuaria Ganadera y de Consumo General San Martin Limitada","COOP. AGRIC GANAD Y DE CONS GRAL SAN","8","Sur de Santa Fé","3","Centro y Sur de Santa Fe","SUC. ROSARIO","0","1","1","coopasam@enredes.com.ar",,"Verdadero","DY9PS"
"444","30533413524","MURPHY","Cooperativa Agropecuaria de Murphy Ltda.","444 - Cooperativa Agropecuaria de Murphy Ltda.","COOP. AGROP. DE MURPHY LTDA.","8","Sur de Santa Fé","3","Centro y Sur de Santa Fe","SUC. ROSARIO","0","1","1","gerencia@agromur.com.ar","fsosa@agromur.com.ar","Verdadero","Y6HCX"
"441","30508273181","PILAR","Cooperativa Agrícola Ganadera Ltda. Guillermo Lehmann","441 - Cooperativa Agrícola Ganadera Ltda. Guillermo Lehmann","COOP. AG. GAN. LTDA.G.LEHMANN","3","Centro de Santa Fé","3","Centro y Sur de Santa Fe","SUC. ROSARIO","0","2","2","gturri@cooperativalehmann.coop","gyori@cooperativalehmann.coop; nvaldez@cooperativalehmann.coop; ","Verdadero","W9WV8"
"471","30533721121","PUJATO","Cooperativa Agropecuaria Pujato Ltda.","471 - Cooperativa Agropecuaria Pujato Ltda.","COOP. AGROP. DE PUJATO LTDA.","3","Centro de Santa Fé","3","Centro y Sur de Santa Fe","SUC. ROSARIO","0","1","1","gerencia@coopuagro.com.ar",,"Verdadero","LI6J3"
"433","30532846486","SANCTI SPIRITU","Cooperativa Agrícola Ganadera de Sancti Spiritu Ltda.","433 - Cooperativa Agrícola Ganadera de Sancti Spiritu Ltda.","COOP. AGRIC. GAN. SANCTI SPIRITU LTDA","8","Sur de Santa Fé","3","Centro y Sur de Santa Fe","SUC. ROSARIO","0","1","1","admcooperativass@hotmail.com","coopagri@coopsancti.com.ar; coopagri2010@hotmail.com","Verdadero","QWPB6"
"193","30507964768","SANTA ISABEL","Cooperativa Agraria Union y Fuerza de Santa Isabel y Teodelina Ltda.","193 - Cooperativa Agraria Union y Fuerza de Santa Isabel y Teodelina Ltda.","COOP. AGR. U Y FZA. S. ISABEL Y TEOD","8","Sur de Santa Fé","3","Centro y Sur de Santa Fe","SUC. ROSARIO","0","2","2","gerenciasi@coopuyf.com.ar",,"Verdadero","M92T3"
"214","30531155242","VENADO TUERTO","Cooperativa Agropecuaria de Venado Tuerto Ltda.","214 - Cooperativa Agropecuaria de Venado Tuerto Ltda.","COOP. AGROP. DE VENADO TUERTO LTDA","8","Sur de Santa Fé","3","Centro y Sur de Santa Fe","SUC. ROSARIO","0","1","1","coopavt@powervt.com.ar",,"Verdadero","1KLUK"
"491","30534251994","VILLA CAÑAS","Cooperativa Agrícola Ganadera Federada de Villa Cañás Ltda.","491 - Cooperativa Agrícola Ganadera Federada de Villa Cañás Ltda.","COOP. AGRIC. GAN. FED. DE V. CAÑAS","8","Sur de Santa Fé","3","Centro y Sur de Santa Fe","SUC. ROSARIO","0","1","1","ecasari@cooperativafederada.com.ar","nmilanesi@cooperativafederada.com.ar","Verdadero","U8EE2"
"431","30538998687","ALCIRA GIGENA","Cooperativa Agropecuaria Alba de Gigena Ltda.","431 - Cooperativa Agropecuaria Alba de Gigena Ltda.","COOP. AGROP. ALBA DE GIGENA LTDA","5","Córdoba","5","Córdoba","SUC. CORDOBA","0","1","1","cenci@coopalba.com.ar",,"Verdadero","KTB3V"
"5","30533553555","ALMAFUERTE","Sociedad Cooperativa Agropecuaria de Almafuerte Ltda.","5 - Sociedad Cooperativa Agropecuaria de Almafuerte Ltda.","SOC.COOP. AGROP. DE ALMAFUERTE LDA","5","Córdoba","5","Córdoba","SUC. CORDOBA","0","1","1","jparada@coopagroalmafuerte.com.ar","mnadalez@coopagroalmafuerte.com.ar; administracion@coopagroalmafuerte.com.ar","Verdadero","2UD1C"
"463","30529377270","ARROYO CABRAL","Cooperativa Agricola Ganadera de Arroyo Cabral Ltda.","463 - Cooperativa Agricola Ganadera de Arroyo Cabral Ltda.","COOP. AGRIC. GAN. DE ARROYO CABRAL","5","Córdoba","5","Córdoba","SUC. CORDOBA","0","1","1","mclara@cooparroyocabral.com.ar","abeltramino@cooparroyocabral.com.ar; fcativelli@cooparroyocabral.com.ar; mpautasso@cooparroyocabral.com.ar","Verdadero","9QSOE"
"438","30532930045","BERROTARAN","Cooperativa Agrícola Ganadera de Berrotarán","438 - Cooperativa Agrícola Ganadera de Berrotarán","AGRIC. GANAD. LTDA DE BERROTARAN","5","Córdoba","5","Córdoba","SUC. CORDOBA","0","1","1","sergioorionte@coopabe.com.ar;","marianab@coopabe.com.ar;  elibosso@hotmail.com","Verdadero","W4ZQR"
"430","30511539990","ELENA","Cooperativa Agrícola Ganadera Ltda. de Elena","430 - Cooperativa Agrícola Ganadera Ltda. de Elena","COOP. AGRIC. GAN.LTDA DE ELENA","5","Córdoba","5","Córdoba","SUC. CORDOBA","0","1","1","gerencia@cagle.com.ar",,"Verdadero","3YZ26"
"82","30527151453","GENERAL CABRERA","COTAGRO Cooperativa Agropecuaria Ltda.","82 - COTAGRO Cooperativa Agropecuaria Ltda.","COTAGRO COOP. AGROP. LTDA.","5","Córdoba","5","Córdoba","SUC. CORDOBA","0","2","2","rbossio@cotagro.com.ar","secretariagerencia@cotagro.com.ar","Verdadero","JSLMS"
"97","33522332459","HERNANDO","Cooperativa Agrícola La Vencedora Ltda.","97 - Cooperativa Agrícola La Vencedora Ltda.","COOP. AGRIC.""LA VENCEDORA"" LTDA","5","Córdoba","5","Córdoba","SUC. CORDOBA","0","2","2","aferreyra@lavencedora.com.ar",,"Verdadero","RN5XR"
"492","30501221925","JAMES CRAIK","Cooperativa Agrícola Tambera de James Craik Ltda.","492 - Cooperativa Agrícola Tambera de James Craik Ltda.","AGRIC.TAMBERA DE JAMES CRAIK LTDA.","5","Córdoba","5","Córdoba","SUC. CORDOBA","0","1","1","elcraikense@craikense.com.ar",,"Verdadero","W4YZ0"
"108","30511534492","JUSTINIANO POSSE","Cooperativa Agropecuaria Unión de Justiniano Posse","108 - Cooperativa Agropecuaria Unión de Justiniano Posse","COOP. AGROP. UNION DE J.POSSE L.","5","Córdoba","5","Córdoba","SUC. CORDOBA","0","2","2","lsupertino@coopunion.com.ar","union@coopunion.com.ar; jmateuci@coopunion.com.ar","Verdadero","X46X0"
"478","30511521498","JUSTINIANO POSSE","Cooperativa Agrícola Ganadera de Justiniano Posse Ltda.","478 - Cooperativa Agrícola Ganadera de Justiniano Posse Ltda.","COOP. AGRIC. GAN. DE JUSTINIANO POS","5","Córdoba","5","Córdoba","SUC. CORDOBA","0","2","2","cceva@coopagricolaposse.com.ar","pmassei@coopagricolaposse.com.ar","Verdadero","ZO8UI"
"264","30536121001","LA RAMADA DE ABAJO","Cooperativa Agropecuaria Unión y Progreso Ltda.","264 - Cooperativa Agropecuaria Unión y Progreso Ltda.","COOP. AGROP. UNION Y PROGRESO LTDA.","5","Córdoba","5","Córdoba","SUC. CORDOBA","0","1","1","victorayala1977@hotmail.com",,"Verdadero","5JX16"
"122","30526655709","LEONES","Unión Agrícola de Leones Sociedad Cooperativa Ltda.","122 - Unión Agrícola de Leones Sociedad Cooperativa Ltda.","UNION AGRIC. DE LEONES S.C.LTDA.","5","Córdoba","5","Córdoba","SUC. CORDOBA","0","2","2","gerencia@ualcoop.com.ar","danielr-ual@hotmail.com; ualleones@ualcoop.com.ar","Verdadero","9OLP2"
"505","30533422256","LEONES","Cooperativa Agrícola Ganadera Leones Ltda.","505 - Cooperativa Agrícola Ganadera Leones Ltda.","COOP. AGRICOLA GANADERA LEONES LTDA","5","Córdoba","5","Córdoba","SUC. CORDOBA","0","2","2","coopagrileo@coyspu.com.ar; nripanti@gmail.com","coopagrileo@nodosud.com.ar","Verdadero","55Y2I"
"486","30533324777","LOS CONDORES","Cooperativa Agrícola Ganadera Los Cóndores Ltda.","486 - Cooperativa Agrícola Ganadera Los Cóndores Ltda.","AGRIC.GANAD.LOS CONDORES LTDA","5","Córdoba","5","Córdoba","SUC. CORDOBA","0","1","1","gerencia@coopagrolc.com.ar",,"Verdadero","8BIQ2"
"133","30532734912","MARCOS JUAREZ","Cooperativa Agropecuaria General Paz de Marcos Juárez","133 - Cooperativa Agropecuaria General Paz de Marcos Juárez","COOP. AGROP.GRAL.PAZ DE M.JUAREZ LT","5","Córdoba","5","Córdoba","SUC. CORDOBA","0","2","2","fcalderon@coopgpaz.coop","smatar@coopgpaz.coop; gcocchi@coopgpaz.coop","Verdadero","VKO39"
"281","30531122115","MONTE BUEY","Cooperativa Agrícola Ganadera de Monte Buey Ltda","281 - Cooperativa Agrícola Ganadera de Monte Buey Ltda","COOP. AGRIC. GANAD. DE MONTE BUEY","5","Córdoba","5","Córdoba","SUC. CORDOBA","0","2","2","gerencia@coopmb.com.ar","finanzas@coopmb.com.ar","Verdadero","7H11J"
"436","30533319315","MONTE MAIZ","Cooperativa Agricola de Monte Maíz Ltda","436 - Cooperativa Agricola de Monte Maíz Ltda","COOP. AGRIC. DE MONTE MAIZ LTDA.","5","Córdoba","5","Córdoba","SUC. CORDOBA","0","2","2","gerencia@coopmontemaiz.com.ar","coopmmaiz2@futurnetmm.com.ar; erikaschneiter@coopmontemaiz.com.ar; camila@coopmontemaiz.com.ar","Verdadero","MWXAA"
"429","30534917674","NOETINGER","Cooperativa Agropecuaria General Belgrano Ltda.","429 - Cooperativa Agropecuaria General Belgrano Ltda.","COOP. AGROPEC. GRAL BELGRANO LTD","5","Córdoba","5","Córdoba","SUC. CORDOBA","0","2","2","gotascon@gmail.com",,"Verdadero","YQ50U"
"476","30536192626","OLIVA","Cooperativa Agropecuaria La Federación Ltda.","476 - Cooperativa Agropecuaria La Federación Ltda.","COOP. AGROP. LA FEDERACION LTDA","5","Córdoba","5","Córdoba","SUC. CORDOBA","0","2","2","gerencia@cooplafederacion.com.ar","admin@cooplafederacion.com.ar;","Verdadero","QJRLM"
"164","30533440300","POZO DEL MOLLE","Cooperativa Agropecuaria de Pozo del Molle Ltda.","164 - Cooperativa Agropecuaria de Pozo del Molle Ltda.","COOP. AGROP. ""POZO DEL MOLLE"" LTDA","5","Córdoba","5","Córdoba","SUC. CORDOBA","0","1","1","rpicco@coopmolle.com.ar; coopagro@coopmolle.com.ar; capm@coopmolle.com.ar","mgibaut@acacoop.com.ar","Verdadero","HVFSQ"
"7","33526383309","SILVIO PELLICO","Sociedad Cooperativa Unión Popular Ltda.","7 - Sociedad Cooperativa Unión Popular Ltda.","SOC.COOP. ""UNION POPULAR"" LTDA.","5","Córdoba","5","Córdoba","SUC. CORDOBA","0","2","2","rborgogno@scup.com.ar","pcasale@scup.com.ar; coopagro_spellico@lasegunda.com.ar","Verdadero","VL716"
"200","33511642219","TANCACHA","Agricultores Unidos de Tancacha Cooperativa Agrícola Ltda.","200 - Agricultores Unidos de Tancacha Cooperativa Agrícola Ltda.","AGRIC. UNIDOS DE TANCACHA C.LTDA","5","Córdoba","5","Córdoba","SUC. CORDOBA","0","2","2","ogamarra@agricultoresunidos.com.ar","lmontegrosso@agricultoresunidos.com.ar; scagnotti@agricultoresunidos.com.ar; bblanco@agricultoresunidos.com.ar","Verdadero","K0NLE"
"321","30526145417","BASAVILBASO","Cooperativa Agrícola Lucienville Ltda.","321 - Cooperativa Agrícola Lucienville Ltda.","COOP. AGRIC. LUCIENVILLE LTDA.","2","Entre Ríos","2","Entre Ríos","FILIAL PARANÁ","0","1","1","fdezan@lucienville.com.ar","fmargulis@lucienville.com.ar","Verdadero","O6GR4"
"350","30534262465","BASAVILBASO","Cooperativa Ganadera El Pronunciamiento Ltda.","350 - Cooperativa Ganadera El Pronunciamiento Ltda.","COOP. GANAD. EL PRONUNCIAMIENTO LIMIT","2","Entre Ríos","2","Entre Ríos","FILIAL PARANÁ","0","2","2","gerencia@elpronunciamiento.com.ar","florencia@elpronunciamiento.com.ar; info@elpronunciamiento.com.ar","Verdadero","CNWEP"
"217","33504047089","CRESPO","La Agrícola Regional Cooperativa Ltda. Agrop., de Consumo y de Serv. Públ.","217 - La Agrícola Regional Cooperativa Ltda. Agrop., de Consumo y de Serv. Públ.","LA AGRICOLA REGIONAL COOP. LTDA","2","Entre Ríos","2","Entre Ríos","FILIAL PARANÁ","0","2","2","dmaier@lar.coop","jerhardt@lar.coop","Verdadero","ND4A3"
"509","30526400301","GENERAL GALARZA","Cooperativa Agrícola Mixta La Protectora Ltda.","509 - Cooperativa Agrícola Mixta La Protectora Ltda.","COOP. AGRIC. MIXTA LA PROTECTORA LT","2","Entre Ríos","2","Entre Ríos","FILIAL PARANÁ","0","2","2","gerencia@cooplaprotectora.com.ar","contaduria@cooplaprotectora.com.ar","Verdadero","0SCJ5"
"222","30527703685","GENERAL RAMIREZ","Cooperativa Agrícola Unión Regional Ltda.","222 - Cooperativa Agrícola Unión Regional Ltda.","COOP. AGRIC. ""UNION REGIONAL"" LTDA","2","Entre Ríos","2","Entre Ríos","FILIAL PARANÁ","0","2","2","oficina.caur@gmail.com","contable.caur@gmail.com; izapata@caur.coop.ar","Verdadero","6YOL2"
"235","33533328119","GENERAL RAMIREZ ","Cooperativa La Ganadera General Ramírez Agrop., de Consumo y Prov. de Serv. Públ. Ltda.","235 - Cooperativa La Ganadera General Ramírez Agrop., de Consumo y Prov. de Serv. Públ. Ltda.","COOP. LA GAN GRAL RAMIREZ AG CYP","2","Entre Ríos","2","Entre Ríos","FILIAL PARANÁ","0","2","2","forsich@laganadera.com.ar","ccordoba@laganadera.com.ar","Verdadero","CG6IL"
"506","30534395678","GOBERNADOR SOLA","Cooperativa Agrícola Ganadera León Sola Ltda.","506 - Cooperativa Agrícola Ganadera León Sola Ltda.","COOP. AGRIC. GAN. LEON SOLA LTDA.","2","Entre Ríos","2","Entre Ríos","FILIAL PARANÁ","0","2","2","mariano.cerini@coopleonsola.com.ar",,"Verdadero","QU92T"
"507","30532458834","LA PAZ","Cooperativa Agropecuaria de La Paz Ltda.","507 - Cooperativa Agropecuaria de La Paz Ltda.","COOP. AGROPECUARIA DE LA PAZ LTDA","2","Entre Ríos","2","Entre Ríos","FILIAL PARANÁ","0","1","1","fabian.cardozo@calp.coop","recepcion@calp.coop; camila.castrillon@calp.coop; ileana.fonseca@calp.coop;","Verdadero","IUVPD"
"242","30513381944","LUCAS GONZALEZ","Cooperativa Agropecuaria El Progreso Ltda.","242 - Cooperativa Agropecuaria El Progreso Ltda.","COOP. AGROPECUARIA EL PROGRESO LTDA","2","Entre Ríos","2","Entre Ríos","FILIAL PARANÁ","0","2","2","lscetti@caelprogreso.com.ar","gerencianogoya@caelprogreso.com.ar; contaduria3@caelprogreso.com.ar","Verdadero","SPEHF"
"262","30528844746","MONTECARLO","Cooperativa Agrícola Mixta de Montecarlo Ltda.","262 - Cooperativa Agrícola Mixta de Montecarlo Ltda.","COOP. AGRICOLA MIXTA DE M.CARLO L","2","Entre Ríos","2","Entre Ríos","FILIAL PARANÁ","0","1","1","gerencia@montecarlo.com.ar","carntzen@montecarlo.com.ar; rtietjen@montecarlo.com.ar","Verdadero","KOITK"
"147","30501838329","OBERA","Cooperativa Agrícola Ltda. de Oberá","147 - Cooperativa Agrícola Ltda. de Oberá","COOP. AGRIC. DE OBERA LTDA.","2","Entre Ríos","2","Entre Ríos","FILIAL PARANÁ","0","1","1","socios@calobera.com.ar",,"Verdadero","RFO8D"
"29","30533752035","SAN SALVADOR","Cooperativa Arrocera de San Salvador Ltda.","29 - Cooperativa Arrocera de San Salvador Ltda.","COOP. ARROCERA DE S. SALVADOR LTDA","2","Entre Ríos","2","Entre Ríos","FILIAL PARANÁ","0","2","2","rhgerffau@casser.com.ar","cassgerencia@hotmail.com; alfredobouvet@gmail.com","Verdadero","L4QCC"
"410","30554836166","SEGUI","Cooperativa de Servicios Públicos General José de San Martín Ltda","410 - Cooperativa de Servicios Públicos General José de San Martín Ltda","COOP. SERV. PUB. GRAL. JOSE S. MARTIN","2","Entre Ríos","2","Entre Ríos","FILIAL PARANÁ","0","2","2","cageist@coopgralsanmartin.com.ar","mfsauthier@coopgralsanmartin.com.ar; lmzapata@coopgralsanmartin.com.ar","Verdadero","UVYIO"
"508","33532281259","URDINARRAIN","Cooperativa Federal Agrícola Ganadera de Urdinarrain Ltda.","508 - Cooperativa Federal Agrícola Ganadera de Urdinarrain Ltda.","COOP. FED. AG. GAN. DE URDINARRAIN LT","2","Entre Ríos","2","Entre Ríos","FILIAL PARANÁ","0","1","1","cofagu@urdi.com.ar","marianodus@gmail.com; cerealventas@urdi.com.ar","Verdadero","VA66T"
"2","30528940931","ACEVEDO","Cooperativa Agrícola Ganadera Ltda. de Acevedo","2 - Cooperativa Agrícola Ganadera Ltda. de Acevedo","COOP. AGRIC. GANAD. LTDA. DE ACEVEDO","4","Norte de Buenos Aires","4","Norte de Buenos Aires","FIL. PERGAMINO","0","2","2","acecoop@acevedocoop.com.ar",,"Verdadero","76WVG"
"15","30526896110","ASCENSION","Cooperativa Agrícola Ganadera Ltda. de Ascensión","15 - Cooperativa Agrícola Ganadera Ltda. de Ascensión","COOP. AGRIC. GAN. LTDA. DE ASCENSION","4","Norte de Buenos Aires","4","Norte de Buenos Aires","FIL. PERGAMINO","0","2","2","dscarafia@coopascension.com.ar","hfreire@coopascension.com.ar","Verdadero","8F5UT"
"36","33525427639","CARABELAS","Cooperativa Agropecuaria de Carabelas Ltda.","36 - Cooperativa Agropecuaria de Carabelas Ltda.","COOP. AGROP. LTDA. DE CARABELAS","4","Norte de Buenos Aires","4","Norte de Buenos Aires","FIL. PERGAMINO","0","2","2","ssantorum@coopcarabelas.com.ar","rviglierchio@coopcarabelas.com.ar","Verdadero","Z5WCU"
"41","30530583534","CARMEN DE ARECO","Cooperativa Agropecuaria de Carmen de Areco Ltda.","41 - Cooperativa Agropecuaria de Carmen de Areco Ltda.","COOP. AGROP. DE CARMEN DE ARECO L.","4","Norte de Buenos Aires","4","Norte de Buenos Aires","FIL. PERGAMINO","0","2","2","copercaracopio@gmail.com",,"Verdadero","Z8HJD"
"59","30507878365","CHACABUCO","Cooperativa Defensa de Agricultores Ltda.","59 - Cooperativa Defensa de Agricultores Ltda.","COOP. DEFENSA DE AGRICULTORES LT","4","Norte de Buenos Aires","4","Norte de Buenos Aires","FIL. PERGAMINO","0","2","2","jimaccormack@coopdefensa.com.ar","recepcion@coopdefensa.com.ar; administracion@coopdefensa.com.ar","Verdadero","ORFHI"
"306","33509162439","CHACABUCO","Cooperativa Granjeros Unidos de Chacabuco Ltda.","306 - Cooperativa Granjeros Unidos de Chacabuco Ltda.","COOP. AGROP. DE GRANJEROS UNIDOS DE","4","Norte de Buenos Aires","4","Norte de Buenos Aires","FIL. PERGAMINO","0","2","2","gerenciagranjeros@gmail.com",,"Verdadero","4L782"
"46","30581856942","COLON","Graneros y Elevadores Argentinos de Colón S.C.L.","46 - Graneros y Elevadores Argentinos de Colón S.C.L.","GRAN. Y ELEV. ARG. DE COLON S.C.L.","4","Norte de Buenos Aires","4","Norte de Buenos Aires","FIL. PERGAMINO","0","2","2","rrossi@geadecolon.com.ar","vscarone@geadecolon.com.ar; sbaratti@geadecolon.com.ar; gastonmarsa@yahoo.com.ar","Verdadero","VUFAS"
"51","33525689099","CONESA","Cooperativa Agrícola Conesa Ltda.","51 - Cooperativa Agrícola Conesa Ltda.","COOP. AGRICOLA CONESA LTDA.","4","Norte de Buenos Aires","4","Norte de Buenos Aires","FIL. PERGAMINO","0","2","2","carlos.beber@agricolaconesa.com.ar","hernan.monzon@agricolaconesa.com.ar","Verdadero","8ZJ5U"
"245","30537699678","DUDIGNAC","Cooperativa Agrícola Ganadera de Dudignac Ltda.","245 - Cooperativa Agrícola Ganadera de Dudignac Ltda.","COOP. AGRIC. GANAD.DE DUDIGNAC LTD","4","Norte de Buenos Aires","4","Norte de Buenos Aires","FIL. PERGAMINO","0","2","2","miel@dudicoop.com.ar","mgonzalez@dudicoop.com.ar; manuelagon@hotmail.com","Verdadero","I2TSP"
"69","30530643766","EL ARBOLITO","Cooperativa Agrícola de El Arbolito Ltda.","69 - Cooperativa Agrícola de El Arbolito Ltda.","COOP. AGRIC.DE ""EL ARBOLITO"" LT","4","Norte de Buenos Aires","4","Norte de Buenos Aires","FIL. PERGAMINO","0","1","1","mmastrangelo@acacoop.com.ar",,"Verdadero","3KVG2"
"86","30526151794","GENERAL ROJO","Cooperativa Agrícola de General Rojo Ltda.","86 - Cooperativa Agrícola de General Rojo Ltda.","COOP. AGRICOLA DE GRAL.ROJO LTDA","4","Norte de Buenos Aires","4","Norte de Buenos Aires","FIL. PERGAMINO","0","2","2","levatoelba@gmail.com","cereales@agricolarojo.com.ar","Verdadero","YN5BQ"
"408","30507913411","HENDERSON","Cooperativa  Agropecuaria El Progreso de Henderson Ltda.","408 - Cooperativa  Agropecuaria El Progreso de Henderson Ltda.","COOP. AGROP. ""EL PROGRESO"" LTDA.","4","Norte de Buenos Aires","4","Norte de Buenos Aires","FIL. PERGAMINO","0","2","2","ngonzalez@elprogresocoop.com.ar","jsanjuan@elprogresocoop.com.ar","Verdadero","21ALS"
"106","30503608975","JUNIN","Liga Agrícola Ganadera Cooperativa Ltda.","106 - Liga Agrícola Ganadera Cooperativa Ltda.","LIGA AGRICOLA GANADERA COOP. LTDA","4","Norte de Buenos Aires","4","Norte de Buenos Aires","FIL. PERGAMINO","0","2","2","ligacereales@acerca.com.ar","nataliamliga@gmail.com","Verdadero","K3AJT"
"210","30534951341","LA VIOLETA","Cooperativa Agropecuaria de La Violeta Ltda.","210 - Cooperativa Agropecuaria de La Violeta Ltda.","COOP. AGROPEC. DE LA VIOLETA LTDA","4","Norte de Buenos Aires","4","Norte de Buenos Aires","FIL. PERGAMINO","0","2","2","gerencia@violetanet.com.ar","danielacontaduria@violetanet.com.ar","Verdadero","PBBRX"
"128","30508743528","LOS TOLDOS","Cooperativa Rural de General Viamonte Ltda.","128 - Cooperativa Rural de General Viamonte Ltda.","COOP. RURAL DE GRAL. VIAMONTE LTDA","4","Norte de Buenos Aires","4","Norte de Buenos Aires","FIL. PERGAMINO","0","2","2","javierdominguez66@hotmail.com","cooprural19@yahoo.com.ar","Verdadero","A79FM"
"137","30507119235","MARIANO H. ALFONZO","Cooperativa Agrícola Ltda. La Unión de Alfonso","137 - Cooperativa Agrícola Ltda. La Unión de Alfonso","COOP. AGRIC. LTDA. ""LA UNION"" DE ALFON","4","Norte de Buenos Aires","4","Norte de Buenos Aires","FIL. PERGAMINO","0","2","2","lucasdrivet@cooplaunion.com.ar","gimena@cooplaunion.com.ar","Verdadero","T4QWE"
"177","30530144018","SAN ANTONIO DE ARECO","Cooperativa Agropecuaria de San Antonio de Areco Ltda.","177 - Cooperativa Agropecuaria de San Antonio de Areco Ltda.","COOP. AGROP. DE S.A. DE ARECO LTDA.","4","Norte de Buenos Aires","4","Norte de Buenos Aires","FIL. PERGAMINO","0","1","1","hmagistri@cooperativasada.com.ar",,"Verdadero","1LIZ3"
"77","30501912405","AVELLANEDA","Unión Agrícola de Avellaneda Cooperativa Ltda.","77 - Unión Agrícola de Avellaneda Cooperativa Ltda.","UNION AGRICOLA DE AVELLANEDA COOP. L","1","Norte de Santa Fé","1","Norte de Santa Fé","FILIAL SANTA FE","0","2","2","memorley@uaa.com.ar","secretaria@uaa.com.ar; mgenari@uaa.com.ar; laraffin@uaa.com.ar","Verdadero","433Z4"
"480","30536575673","EMILIA","Cooperativa Agropecuaria de Producción y Consumo Santa Lucia Ltda.","480 - Cooperativa Agropecuaria de Producción y Consumo Santa Lucia Ltda.","COOP. AGROP. DE PROD. YCONS. SANTA LUCI","1","Norte de Santa Fé","1","Norte de Santa Fé","FILIAL SANTA FE","0","1","1","gerencia@mccemilia.com.ar",,"Verdadero","KMNRA"
"501","30501383518","FRANCK","Asociación Unión Tamberos Cooperativa Limitadas","501 - Asociación Unión Tamberos Cooperativa Limitadas","ASOCIACION UNION TAMBEROS COOP. LTD","1","Norte de Santa Fé","1","Norte de Santa Fé","FILIAL SANTA FE","0","2","2","jcuello@autcl.com.ar","ltizianel@autcl.com.ar","Verdadero","W4Z3X"
"259","30508982190","FREYRE","Cooperativa Agrícola Ganadera y de Consumo Freyre Ltda","259 - Cooperativa Agrícola Ganadera y de Consumo Freyre Ltda","COOP. AGRIC. GAN. CONS. FREYRE LTDA","1","Norte de Santa Fé","1","Norte de Santa Fé","FILIAL SANTA FE","0","2","2","daniel@coop-freyre.com.ar","mcordero@coop-freyre.com.ar","Verdadero","HAESJ"
"304","30501821507","GOBERNADOR CRESPO","Cooperativa Agrícola Ganadera Ltda. de Gobernador Crespo","304 - Cooperativa Agrícola Ganadera Ltda. de Gobernador Crespo","COOP. AGRIC. GAN. LTDA. GDOR CRESPO","1","Norte de Santa Fé","1","Norte de Santa Fé","FILIAL SANTA FE","0","2","2","cooperativagcrespo@hotmail.com",,"Verdadero","6TKFS"
"300","30618805065","HUMBERTO PRIMO","Cooperativa Ltda. de Tamberos La Humbertina","300 - Cooperativa Ltda. de Tamberos La Humbertina","COOP. LTDA. DE TAM. LA HUMBERTINA","1","Norte de Santa Fé","1","Norte de Santa Fé","FILIAL SANTA FE","0","1","1","rene.graffione@lahumbertina.com.ar","adrian.cavallero@lahumbertina.com.ar","Verdadero","YDGUX"
"125","30508378765","LOPEZ","Cooperativa Agropecuaria de López Ltda.","125 - Cooperativa Agropecuaria de López Ltda.","COOP. AGROPECUARIA DE LOPEZ LTDA","3","Centro de Santa Fé","3","Centro y Sur de Santa Fe","FILIAL SANTA FE","0","2","2","gerencia@cooplopez.com.ar","gerencia@cooperativalopez.com.ar","Verdadero","B3BXJ"
"130","30530920697","MALABRIGO","Cooperativa Agropecuaria de Malabrigo Ltda.","130 - Cooperativa Agropecuaria de Malabrigo Ltda.","COOP. AGROP.DE MALABRIGO LTDA.","1","Norte de Santa Fé","1","Norte de Santa Fé","FILIAL SANTA FE","0","2","2","coop.gerente@malabrigo.com","gabrielzampar1@gmail.com","Verdadero","G1FV5"
"135","30532347110","MARGARITA","Cooperativa Agrícola Mixta de Margarita Ltda.","135 - Cooperativa Agrícola Mixta de Margarita Ltda.","COOP. AGRIC. MIXTA DE MARGARITA LTDA","1","Norte de Santa Fé","1","Norte de Santa Fé","FILIAL SANTA FE","0","2","2","alcides.mussin@gmail.com","paduanmayra@yahoo.com.ar","Verdadero","AGNIS"
"142","30508127495","MORTEROS","Cooperativa Agrícola Ganadera de Morteros Ltda.","142 - Cooperativa Agrícola Ganadera de Morteros Ltda.","COOP. AGRIC. GAN.DE MORTEROS LTDA.","1","Norte de Santa Fé","1","Norte de Santa Fé","FILIAL SANTA FE","0","2","2","joack2003@hotmail.com","druettajoaquin@gmail.com","Verdadero","6GQ9W"
"232","30508728510","PORTEÑA","Cooperativa Ganadera Agrícola y de Consumo Porteña Ltda.","232 - Cooperativa Ganadera Agrícola y de Consumo Porteña Ltda.","COOP. GAN. AGRIC. CONS. PORTEÑA LTDA","1","Norte de Santa Fé","1","Norte de Santa Fé","FILIAL SANTA FE","0","2","2","dsadone@coopportena.com.ar","servicios_sociales@coopportena.com.ar","Verdadero","SPDVE"
"171","30527921992","ROMANG","Unión Agrícola de Romang Coop. Ltda.","171 - Unión Agrícola de Romang Coop. Ltda.","UNION AGRIC. DE ROMANG COOP. LTDA","1","Norte de Santa Fé","1","Norte de Santa Fé","FILIAL SANTA FE","0","1","1","federico.molinari@hotmail.com",,"Verdadero","265CJ"
"185","30528180112","SAN GUILLERMO","Cooperativa Agrícola y de Consumo Santa Rosa Ltda. ","185 - Cooperativa Agrícola y de Consumo Santa Rosa Ltda. ","COOP. AGRIC. Y CONS. LTDA. STA. ROSA","1","Norte de Santa Fé","1","Norte de Santa Fé","FILIAL SANTA FE","0","2","2","mguruceaga@sanguillermo.com.ar","coopsr@sanguillermo.com.ar","Verdadero","IY4SV"
"173","30530985624","SAN JUSTO","Cooperativa Federal Agrícola Ganadera de San Justo Ltd.","173 - Cooperativa Federal Agrícola Ganadera de San Justo Ltd.","COOP. FED. AG. GAN. DE SAN JUSTO LTD","1","Norte de Santa Fé","1","Norte de Santa Fé","FILIAL SANTA FE","0","2","2","rlocatelli@coopsanjusto.com.ar","general@coopsanjusto.com.ar; info@coopsanjusto.com.ar","Verdadero","AH553"
"322","30517683554","SAN VICENTE","Cooperativa Agropecuaria Colonias Unidas Ltda. ","322 - Cooperativa Agropecuaria Colonias Unidas Ltda. ","COOP. AGROP. COLONIAS UNIDAS LTDA","1","Norte de Santa Fé","1","Norte de Santa Fé","FILIAL SANTA FE","0","2","2","coloniasunidas@coopmail.com.ar",,"Verdadero","BA00M"
"425","30619635554","SELVA ","Cooperativa Tamberos Unidos Ltda.  ","425 - Cooperativa Tamberos Unidos Ltda.  ","TAMBEROS UNIDOS COOP. LTDA.","1","Norte de Santa Fé","1","Norte de Santa Fé","FILIAL SANTA FE","0","1","1","marcelocoop367@gmail.com",,"Verdadero","Z7VZV"
"13","30529478964","SUNCHALES","Cooperativa Agrícola Ganadera de Sunchales Ltda. ","13 - Cooperativa Agrícola Ganadera de Sunchales Ltda. ","COOP. LTDA. AGR. GAN.DE SUNCHALES","1","Norte de Santa Fé","1","Norte de Santa Fé","FILIAL SANTA FE","0","1","1","mambroggio@coopagsunchales.com.ar",,"Verdadero","X501Y"
"301","30531164667","VIDELA","Cooperativa Agrícola Ganadera de Videla Ltda. ","301 - Cooperativa Agrícola Ganadera de Videla Ltda. ","COOP. AG. GANAD. DE VIDELA LTDA.","1","Norte de Santa Fé","1","Norte de Santa Fé","FILIAL SANTA FE","0","2","2","decroche@coopvidela.com.ar","administracion@coopvidela.com.ar","Verdadero","ZRRI3"
"223","30528829739","VILLA TRINIDAD","Cooperativa Agrícola y Ganadera La Trinidad Ltda. ","223 - Cooperativa Agrícola y Ganadera La Trinidad Ltda. ","COOP. AGRIC. Y GAN. LA TRINIDAD LTDA.","1","Norte de Santa Fé","1","Norte de Santa Fé","FILIAL SANTA FE","0","1","1","eduardo@cooplatrinidad.com.ar",,"Verdadero","K8E7C"
"500","30533573823","ALTA ITALIA","Cooperativa Agrícola Ganadera Esteban Piacenza de Alta Italia Ltda. ","500 - Cooperativa Agrícola Ganadera Esteban Piacenza de Alta Italia Ltda. ","COOP. AGR. GA. ESTEBAN PIACENZA DE ALT","6","SO Bs. Aires, La Pampa y Río Negro","6","SO Bs. Aires, La Pampa y Río Negro","SUC. BAHÍA BLANCA","0","1","1","coopitaliagerencia@altaitalialp.com.ar",,"Verdadero","XCTUE"
"19","30511567455","BAHIA BLANCA","Productores Rurales del Sud Coop. Ltda.","19 - Productores Rurales del Sud Coop. Ltda.","PRODUC. RURALES DEL SUD COOP. AGROP","6","SO Bs. Aires, La Pampa y Río Negro","6","SO Bs. Aires, La Pampa y Río Negro","SUC. BAHÍA BLANCA","0","2","2","productores@productores-rurales.com.ar","silviomelida@yahoo.com.ar","Verdadero","VPTLQ"
"230","30530871319","CABILDO","Cooperativa Agrícola Ganadera Industrial Sombra de Toro Ltda. ","230 - Cooperativa Agrícola Ganadera Industrial Sombra de Toro Ltda. ","COOP. AGRIC. GAN. IND.""S.TORO"" LT.","6","SO Bs. Aires, La Pampa y Río Negro","6","SO Bs. Aires, La Pampa y Río Negro","SUC. BAHÍA BLANCA","0","2","2","gerencia@sombradetoro.com.ar","servicios@sombradetoro.com.ar; serviciosasistente@sombradetoro.com.ar","Verdadero","XSC0Q"
"38","33530143959","CARHUE","Cooperativa Agrícola Ganadera Ltda. de Adolfo Alsina","38 - Cooperativa Agrícola Ganadera Ltda. de Adolfo Alsina","COOP. AGRIC. GAN. LTDA. DE A. ALSINA","6","SO Bs. Aires, La Pampa y Río Negro","6","SO Bs. Aires, La Pampa y Río Negro","SUC. BAHÍA BLANCA","0","2","2","gerencia.coopcarhue@gmail.com; ","mypronsati@gmail.com","Verdadero","GQOH8"
"154","33529300099","CARMEN DE PATAGONES","Cooperativa Agrícola Ganadera e Industrial Patagones y Viedma","154 - Cooperativa Agrícola Ganadera e Industrial Patagones y Viedma","COOP. AG. GAND. PATAGONES Y VIEDMA","6","SO Bs. Aires, La Pampa y Río Negro","6","SO Bs. Aires, La Pampa y Río Negro","SUC. BAHÍA BLANCA","0","2","2","gerencia@coopatagones.com.ar","contador@coopatagones.com.ar","Verdadero","U2WBZ"
"229","30532953835","CORONEL SUAREZ","Cooperativa Agropecuaria General San Martín Ltda. ","229 - Cooperativa Agropecuaria General San Martín Ltda. ","COOP. AGROP G.S. MARTIN C.SUAREZ LT","6","SO Bs. Aires, La Pampa y Río Negro","6","SO Bs. Aires, La Pampa y Río Negro","SUC. BAHÍA BLANCA","0","2","2","alfredo@coopsan.com.ar","fmoro@coopsan.com.ar","Verdadero","ZXYJI"
"64","33503225099","DARREGUEIRA","La Emancipación Sociedad Cooperativa Mixta de Consumo, Prov., Transf. y Venta  Ltda.","64 - La Emancipación Sociedad Cooperativa Mixta de Consumo, Prov., Transf. y Venta  Ltda.","LA EMANCIPACIONS. C. MIXTA LTDA","6","SO Bs. Aires, La Pampa y Río Negro","6","SO Bs. Aires, La Pampa y Río Negro","SUC. BAHÍA BLANCA","0","2","2","miguela.rodriguez@laemancipacion.com.ar","adriana.salusso@laemancipacion.com.ar; cereales@laemancipacion.com.ar; finanzas@laemancipacion.com.ar","Verdadero","RANBP"
"303","30517867264","DARREGUEIRA","Cooperativa Agropecuaria de Darregueira Ltda. ","303 - Cooperativa Agropecuaria de Darregueira Ltda. ","COOP. AGROP. DE DARREGUEIRA LTDA.","6","SO Bs. Aires, La Pampa y Río Negro","6","SO Bs. Aires, La Pampa y Río Negro","SUC. BAHÍA BLANCA","0","2","2","gerencia@coopdarregueira.com.ar","coopagropdarregueira.gerencia@gmail.com; svonroeder2002@yahoo.com.ar; coopagropdarregueira.auditoria@gmail.com","Verdadero","BO235"
"67","30540904061","DOBLAS","Cooperativa Agropecuaria de Doblas Ltda. ","67 - Cooperativa Agropecuaria de Doblas Ltda. ","COOP. AGROPECUARIA DE DOBLAS LTDA","6","SO Bs. Aires, La Pampa y Río Negro","6","SO Bs. Aires, La Pampa y Río Negro","SUC. BAHÍA BLANCA","0","1","1","coopagropdoblas@cosedo.com.ar",,"Verdadero","J99JB"
"443","30533615909","EMBAJADOR MARTINI","Cooperativa Agropecuaria Embajador Martini Ltda. ","443 - Cooperativa Agropecuaria Embajador Martini Ltda. ","COOP. AGROP.EMBAJADOR MARTINI","6","SO Bs. Aires, La Pampa y Río Negro","6","SO Bs. Aires, La Pampa y Río Negro","SUC. BAHÍA BLANCA","0","1","1","caemgerencia@copeospil.com.ar","caemadministracion2@copeospil.com.ar; rodolfojrovere@hotmail.com","Verdadero","R43ZV"
"75","30533342201","ESPARTILLAR","Cooperativa Agrícola Ganadera Ltda. de Espartillar","75 - Cooperativa Agrícola Ganadera Ltda. de Espartillar","COOP. AGRC. GAN. LDA DE ESPARTILLAR","6","SO Bs. Aires, La Pampa y Río Negro","6","SO Bs. Aires, La Pampa y Río Negro","SUC. BAHÍA BLANCA","0","2","2","gerenciaagricola@coopespartillar.com.ar","maxikreder@agricolaespartillar.com","Verdadero","D3EFB"
"87","30526535282","GENERAL SAN MARTIN","Sociedad Cooperativa Agrícola Ganadera Ltda. ","87 - Sociedad Cooperativa Agrícola Ganadera Ltda. ","S.C. AGRIC. GANAD. LTDA. G. S. MARTIN","6","SO Bs. Aires, La Pampa y Río Negro","6","SO Bs. Aires, La Pampa y Río Negro","SUC. BAHÍA BLANCA","0","1","1","gerencia@coopsanmartin.com.ar",,"Verdadero","6H4GU"
"116","30534362168","LARTIGAU","AGRONEXO Cooperativa Agrícola Ganadera de Lartigau y Tornquist Ltda. ","116 - AGRONEXO Cooperativa Agrícola Ganadera de Lartigau y Tornquist Ltda. ","AGRONEXO COOP. AGRIC. GANAD. DE LAR","6","SO Bs. Aires, La Pampa y Río Negro","6","SO Bs. Aires, La Pampa y Río Negro","SUC. BAHÍA BLANCA","0","2","2","plarbiou@agronexo.coop.ar",,"Verdadero","6B8IE"
"129","30532620917","MACACHIN","ATREU-CO Cooperativa Agropecuaria Ltda. ","129 - ATREU-CO Cooperativa Agropecuaria Ltda. ","ATREUCO COOP. AGROP. LTDA.","6","SO Bs. Aires, La Pampa y Río Negro","6","SO Bs. Aires, La Pampa y Río Negro","SUC. BAHÍA BLANCA","0","2","2","carlosalbertoflecha16@gmail.com","atreucoadm@hotmail.com; acflecha@hotmail.com","Verdadero","NJSU8"
"162","30525288826","PIGÜE","La Alianza, Agrícola Ganadera Ltda.","162 - La Alianza, Agrícola Ganadera Ltda.","LA ALIANZA COOP. AGRIC. GANAD.LTDA","6","SO Bs. Aires, La Pampa y Río Negro","6","SO Bs. Aires, La Pampa y Río Negro","SUC. BAHÍA BLANCA","0","2","2","laalianzagerencia@pigue.com.ar","laalianzasubgerencia@pigue.com.ar; laalianzacontador@pigue.com.ar","Verdadero","5E7CC"
"165","33526349569","PUAN","Cooperativa Agrícola Ganadera Ltda. de Puán","165 - Cooperativa Agrícola Ganadera Ltda. de Puán","COOP. AGRIC. GANAD. LTDA DE PUAN","6","SO Bs. Aires, La Pampa y Río Negro","6","SO Bs. Aires, La Pampa y Río Negro","SUC. BAHÍA BLANCA","0","2","2","fkleer@cagp.com.ar","turismo.cooperativa@gmail.com; damian17ag@hotmail.com","Verdadero","H30W6"
"260","30589844137","RIO COLORADO","Cooperativa Ganadera de Río Negro y La Pampa Ltda. ","260 - Cooperativa Ganadera de Río Negro y La Pampa Ltda. ","COOP. GAN. RIO NEGRO LA PAMPA LDA","6","SO Bs. Aires, La Pampa y Río Negro","6","SO Bs. Aires, La Pampa y Río Negro","SUC. BAHÍA BLANCA","0","1","1","ganaderosderionegroylapampa@gmail.com",,"Verdadero","UA34J"
"289","33551779829","RIO COLORADO","Cooperativa Comercialización y Transferencia de Colonia Juliá y Echarren","289 - Cooperativa Comercialización y Transferencia de Colonia Juliá y Echarren","COOP. COMERC. Y TRANSF.LTDA.","6","SO Bs. Aires, La Pampa y Río Negro","6","SO Bs. Aires, La Pampa y Río Negro","SUC. BAHÍA BLANCA","0","1","1","ariel@coopcrc.com","natalia@coopcrc.com; jorge@coopcrc.com; nelson@coopcrc.com","Verdadero","S104K"
"189","30533418194","SAN MIGUEL ARCANGEL","Cooperativa Agrícola Ganadera Ltda. San Miguel","189 - Cooperativa Agrícola Ganadera Ltda. San Miguel","COOP. AGRIC. GAN. LTDA. ""SAN MIGUEL""","6","SO Bs. Aires, La Pampa y Río Negro","6","SO Bs. Aires, La Pampa y Río Negro","SUC. BAHÍA BLANCA","0","1","1","gerenciacoopsanmiguel@hotmail.com","coopsmiguelarc@yahoo.com.ar","Verdadero","SS5ZR"
"461","30511458028","BOLIVAR","Cooperativa Agropecuaria de Bolívar Ltda. ","461 - Cooperativa Agropecuaria de Bolívar Ltda. ","COOP. AGROP. DE BOLIVAR LTDA.","7","Sudeste Buenos Aires","7","Sudeste Buenos Aires","FILIAL NECOCHEA","0","2","2","agrop.gerencia@gmail.com","silvina.coopagro@gmail.com; coopabolivar@gmail.com","Verdadero","BBGFQ"
"112","30564188804","LA DULCE","Cooperativa Agropecuaria La Segunda Ltda. ","112 - Cooperativa Agropecuaria La Segunda Ltda. ","COOP. AGROPEC.""LA SEGUNDA"" LTDA","7","Sudeste Buenos Aires","7","Sudeste Buenos Aires","FILIAL NECOCHEA","0","2","2","fdenegri@cooplasegunda.com.ar","mbarbieri@cooplasegunda.com.ar; mgallo@cooplasegunda.com.ar","Verdadero","6PJXU"
"139","30525418762","MICAELA CASCALLARES","Cooperativa Agrícola Ltda. de Cascallares","139 - Cooperativa Agrícola Ltda. de Cascallares","COOP. AGRIC. LTDA. M. CASCALLARES","7","Sudeste Buenos Aires","7","Sudeste Buenos Aires","FILIAL NECOCHEA","0","2","2","miguelbarreras@coopcascallares.com.ar","ethelhuici@coopcascallares.com.ar","Verdadero","O6FRV"
"143","30506957970","NECOCHEA","Cooperativa Agropecuaria General Necochea Ltda. ","143 - Cooperativa Agropecuaria General Necochea Ltda. ","COOP. AGROP. ""GRAL NECOCHEA"" LTDA.","7","Sudeste Buenos Aires","7","Sudeste Buenos Aires","FILIAL NECOCHEA","0","2","2","rdmartinez@cagnecochea.com.ar","lcostanzo@cagnecochea.com.ar","Verdadero","H7NMI"
"149","33525503629","OLAVARRIA","Cooperativa Agraria Ltda. de Olavarría","149 - Cooperativa Agraria Ltda. de Olavarría","COOP. AGRARIA LTDA.DE OLAVARRIA","7","Sudeste Buenos Aires","7","Sudeste Buenos Aires","FILIAL NECOCHEA","0","2","2","coopagrariaolava@gmail.com",,"Verdadero","NQBQZ"
"305","30532166477","RAUCH","Cooperativa Agropecuaria e Industrial de Rauch Ltda. ","305 - Cooperativa Agropecuaria e Industrial de Rauch Ltda. ","COOP. AGROP. E INDUST. DE RAUCH LTDA.","7","Sudeste Buenos Aires","7","Sudeste Buenos Aires","FILIAL NECOCHEA","0","2","2","coopagropecuariarauch@yahoo.com.ar",,"Verdadero","EPEWC"
"495","30511904206","RAUCH","Cooperativa Agrícola Ganadera de Rauch Ltda. ","495 - Cooperativa Agrícola Ganadera de Rauch Ltda. ","COOP. AGRIC.GAND.DE RAUCH LTDA.","7","Sudeste Buenos Aires","7","Sudeste Buenos Aires","FILIAL NECOCHEA","0","2","2","ielias@cagrauch.com.ar; siberrot@gmail.com; guillermogoyeneche67@gmail.com",,"Verdadero","IKHMK"
"451","30532811135","SALADILLO","Cooperativa Agrícola Ganadera de Saladillo Ltda. ","451 - Cooperativa Agrícola Ganadera de Saladillo Ltda. ","COOP. AGR. GANAD.DE SALADILLO LTDA","7","Sudeste Buenos Aires","7","Sudeste Buenos Aires","FILIAL NECOCHEA","0","2","2","mvenancio@coopsaladillo.com.ar","lquintana@coopsaladillo.com.ar; coopagricolasaladillo.adm@gmail.com","Verdadero","T3QU3"
"201","30508360645","TANDIL","Cooperativa Agropecuaria de Tandil Ltda. ","201 - Cooperativa Agropecuaria de Tandil Ltda. ","COOP. AGROPECUARIA DE TANDIL LTDA","7","Sudeste Buenos Aires","7","Sudeste Buenos Aires","FILIAL NECOCHEA","0","2","2","ezequiellester@coopagro.com.ar","administracion@cooptandil.com.ar; auditoria@cooptandil.com.ar; marianelacassano@gmail.com   ","Verdadero","PEEMG"
"496","30511479521","TANDIL","Cooperativa Agrícola Ganadera de Tandil y Vela Ltda. ","496 - Cooperativa Agrícola Ganadera de Tandil y Vela Ltda. ","AGRIC. GAN. DE TANDIL Y VELA LTDA.","7","Sudeste Buenos Aires","7","Sudeste Buenos Aires","FILIAL NECOCHEA","0","2","2","alejandro@coopagrigan.com",,"Verdadero","YXU83"
"207","30526111393","TRES ARROYOS","Cooperativa Agraria de Tres Arroyos Ltda. ","207 - Cooperativa Agraria de Tres Arroyos Ltda. ","COOP. AGRARIA DE T.ARROYOS LTDA.","7","Sudeste Buenos Aires","7","Sudeste Buenos Aires","FILIAL NECOCHEA","0","2","2","gerencia@agraria.com.ar","mariarosa@agraria.com.ar; secretaria@agraria.com.ar; nicolas@agraria.com.ar","Verdadero","PAXZF"
"209","30527196422","TRES ARROYOS","Cooperativa Rural Alfa Ltda. ","209 - Cooperativa Rural Alfa Ltda. ","COOP. RURAL LTDA. ""ALFA"".","7","Sudeste Buenos Aires","7","Sudeste Buenos Aires","FILIAL NECOCHEA","0","1","1","gerencia@coopalfa.com.ar","administracion@coopalfa.com.ar; juanouw@hotmail.com; patricia@coopalfa.com.ar; tesoreria@coopalfa.com.ar","Verdadero","2027T"
"490","33503870989","CORONEL BOGADO","Cooperativa Agropecuaria de Coronel Bogado Ltda.","490 - Cooperativa Agropecuaria de Coronel Bogado Ltda.","COOP. AGROP.CORONEL BOGADO","8","Sur de Santa Fé","3","Centro y Sur de Santa Fe","SUC. ROSARIO","0","1","1","leandro@agropec-bogado.com.ar","cooperativa@agropec-bogado.com.ar; emiliano@agropec-bogado.com.ar","Verdadero","7ZL49"
